Name,Type,Subtype,Language,en Translation,Category,Subcategory,Pricing Category,Length,Under offer,Offer date,Sold price,Sold date,domainname.tld,createprice,renewprice,transferprice,Registrar,Status,Allocated?
0,Premium,"Reserved,Make offer",en,,Combinations,Numeric,1,1,,,,,0.eco,,50,50,,,
1,Premium,"Reserved,Make offer",en,,Combinations,Numeric,1,1,,,,,1.eco,,50,50,,,
2,Premium,"Reserved,Make offer",en,,Combinations,Numeric,1,1,,,,,2.eco,,50,50,,,
3,Premium,"Reserved,Make offer",en,,Combinations,Numeric,1,1,,,,,3.eco,,50,50,,,
4,Premium,"Reserved,Make offer",en,,Combinations,Numeric,1,1,,,,,4.eco,,50,50,,,
5,Premium,"Reserved,Make offer",en,,Combinations,Numeric,1,1,,,,,5.eco,,50,50,,,
6,Premium,"Reserved,Make offer",en,,Combinations,Numeric,1,1,,,,,6.eco,,50,50,,,
7,Premium,"Reserved,Make offer",en,,Combinations,Numeric,1,1,,,,,7.eco,,50,50,,,
8,Premium,"Reserved,Make offer",en,,Combinations,Numeric,1,1,,,,,8.eco,,50,50,,,
9,Premium,"Reserved,Make offer",en,,Combinations,Numeric,1,1,,,,,9.eco,,50,50,,,
88,Premium,Make offer,en,,Combinations,Numeric,1,2,,,,,88.eco,,50,50,,,
888,Premium,Make offer,en,,Combinations,Numeric,1,3,,,,,888.eco,,50,50,,,
a,Premium,"Reserved,Make offer",en,,Generic,Single Letter,1,1,,,,,a.eco,,50,50,,,
aaa,Premium,Make offer,en,,Combinations,Three Character,1,3,,,,,aaa.eco,,50,50,,,
abc,Premium,Make offer,en,,Combinations,Three Character,1,3,,,,,abc.eco,,50,50,,,
acheter,Premium,Make offer,fr,Buy,Shopping,General,1,7,,,,,acheter.eco,,50,50,,,
act,"Premium,Registry","Make offer,Grant",en,,Generic,Verbs,1,3,,,,,act.eco,,50,50,,,checked
action,"Premium,Registry","Make offer,Grant",en,,Science,Verbs,1,6,,,,,action.eco,,50,50,,,checked
actions,Premium,Make offer,en,,Generic,Eco,1,7,,,,,actions.eco,,50,50,,,
active,Premium,"Make offer,Future grant",en,,Generic,General,1,6,,,,,active.eco,,50,50,,,
activism,Premium,Make offer,en,,NonProfit,Terminology,1,8,,,,,activism.eco,,50,50,,,
add,Premium,Make offer,en,,Generic,Verbs,1,3,,,,,add.eco,,50,50,,,
ads,Premium,Make offer,en,,Combinations,Three Character,1,3,,,,,ads.eco,,50,50,,,
advocacy,Premium,"Make offer,Future grant",en,,Generic,Eco,1,8,,,,,advocacy.eco,,50,50,,,
agri,Premium,Make offer,en,,Industry,General,1,4,,,,,agri.eco,,50,50,,,
agribusiness,Premium,Make offer,en,,Science,Farming,1,12,,,,,agribusiness.eco,,50,50,,,
agriculture,Premium,"Make offer,Future grant",en,,Industry,General,1,11,,,,,agriculture.eco,,50,50,,,
agro,Premium,"Make offer,Future grant",en,,Industry,General,1,4,,,,,agro.eco,,50,50,,,
agua,Premium,Make offer,es,Water,Science,Eco,1,4,,,,,agua.eco,,50,50,,,
aid,Premium,Make offer,en,,Science,Verbs,1,3,,,,,aid.eco,,50,50,,,
air,Premium,Make offer,en,,Science,Eco,1,3,,,,,air.eco,,50,50,,,
all,Premium,Make offer,en,,Generic,Pronoun,1,3,,,,,all.eco,,50,50,,,
alliance,Premium,"Make offer,Future grant",en,,Business,Eco,1,8,,,,,alliance.eco,,50,50,,,
alternativeenergy,Premium,Make offer,en,,Science,Energy,1,17,,,,,alternativeenergy.eco,,50,50,,,
aluminium,Premium,Make offer,en,,Industry,Commodity,1,9,,,,,aluminium.eco,,50,50,,,
aluminum,Premium,Make offer,en,,Industry,Materials,1,8,,,,,aluminum.eco,,50,50,,,
analysis,Premium,Make offer,en,,Finance,General,1,8,,,,,analysis.eco,,50,50,,,
any,Premium,Make offer,en,,Generic,Pronoun,1,3,,,,,any.eco,,50,50,,,
app,Premium,Make offer,en,,Technology,General,1,3,,,,,app.eco,,50,50,,,
apparel,Premium,"Make offer,Future grant",en,,Products,Clothing,1,7,,,,,apparel.eco,,50,50,,,
appraisal,Premium,Make offer,en,,Business,General,1,9,,,,,appraisal.eco,,50,50,,,
apps,Premium,Make offer,en,,Technology,General,1,4,,,,,apps.eco,,50,50,,,
aquaculture,Premium,"Make offer,Future grant",en,,,,1,11,,,,,aquaculture.eco,,50,50,,,
aquarium,Premium,"Make offer,Future grant",en,,Animals,Pet Supplies,1,8,,,,,aquarium.eco,,50,50,,,
arborist,Premium,Make offer,en,,Profession,Eco,1,8,,,,,arborist.eco,,50,50,,,
architect,Premium,Make offer,en,,Profession,General,1,9,,,,,architect.eco,,50,50,,,
arctic,Premium,"Make offer,Future grant,RO100",en,,Geo,Region,1,6,,,,,arctic.eco,,50,50,Big Room (Afilias),,checked
art,Premium,"Make offer,Future grant",en,,Arts,General,1,3,,,,,art.eco,,50,50,,,
asia,Premium,"Make offer,Future grant",en,,Geo,Region,1,4,,,,,asia.eco,,50,50,,,
asiapacific,Premium,Make offer,en,,Geo,Region,1,11,,,,,asiapacific.eco,,50,50,,,
assessment,Premium,Make offer,en,,Education,General,1,10,,,,,assessment.eco,,50,50,,,
association,Premium,Make offer,en,,Business,General,1,11,,,,,association.eco,,50,50,,,
audit,Premium,Make offer,en,,Business,General,1,5,,,,,audit.eco,,50,50,,,
autos,Premium,Make offer,en,,Travel,Transportation,1,5,,,,,autos.eco,,50,50,,,
b,Premium,"Reserved,Make offer",en,,Generic,Single Letter,1,1,,,,,b.eco,,50,50,,,
baby,Premium,Make offer,en,,Shopping,Baby/Child,1,4,,,,,baby.eco,,50,50,,,
bad,Premium,Make offer,en,,Combinations,Three Character,1,3,,,,,bad.eco,,50,50,,,
bananas,Premium,Make offer,en,,Grocery,Food,1,7,,,,,bananas.eco,,50,50,,,
banco,Premium,Make offer,es,Bank,Finance,General,1,5,,,,,banco.eco,,50,50,,,
bank,Premium,Make offer,en,,Finance,General,1,4,,,,,bank.eco,,50,50,,,
basketball,Premium,Make offer,en,,Sports,General,1,10,,,,,basketball.eco,,50,50,,,
battery,Premium,Make offer,en,,Electronics,General,1,7,,,,,battery.eco,,50,50,,,
bay,Premium,Make offer,en,,Products,Eco,1,3,,,,,bay.eco,,50,50,,,
bbb,Premium,Make offer,en,,Combinations,Three Character,1,3,,,,,bbb.eco,,50,50,,,
beach,Premium,"Make offer,Future grant",en,,Geo,General,1,5,,,,,beach.eco,,50,50,,,
bee,Premium,"Make offer,Future grant",en,,,,1,3,,,,,bee.eco,,50,50,,,
best,Premium,Make offer,en,,Generic,General,1,4,,,,,best.eco,,50,50,,,
bet,Premium,Make offer,en,,Combinations,Three Character,1,3,,,,,bet.eco,,50,50,,,
bicycle,Premium,Make offer,en,,Sports,Recreation,1,7,,,,,bicycle.eco,,50,50,,,
bid,Premium,Make offer,en,,Shopping,Auctions,1,3,,,,,bid.eco,,50,50,,,
bike,Premium,Make offer,en,,Sports,Recreation,1,4,,,,,bike.eco,,50,50,,,
bikes,Premium,Make offer,en,,Products,Sports,1,5,,,,,bikes.eco,,50,50,,,
bio,Premium,"Make offer,Future grant",en,,Science,General,1,3,,,,,bio.eco,,50,50,,,
biodegradable,Premium,"Make offer,Future grant",en,,Science,Environment,1,13,,,,,biodegradable.eco,,50,50,,,
bioenergy,Premium,Make offer,en,,Science,Energy,1,9,,,,,bioenergy.eco,,50,50,,,
biofuel,Premium,Make offer,en,,Science,Energy,1,7,,,,,biofuel.eco,,50,50,,,
biomass,Premium,Make offer,en,,Science,Technology,1,7,,,,,biomass.eco,,50,50,,,
birds,"Premium,Registry","Make offer,Grant",en,,Animals,Birds,1,5,,,,,birds.eco,,50,50,,,checked
blog,Premium,Make offer,en,,Living,General,1,4,,,,,blog.eco,,50,50,,,
blue,Premium,Make offer,en,,Games,Color,1,4,,,,,blue.eco,,50,50,,,
body,Premium,Make offer,en,,Generic,General,1,4,,,,,body.eco,,50,50,,,
bog,Premium,"Make offer,Future grant",en,,Geo,Region,1,3,,,,,bog.eco,,50,50,,,
book,Premium,Make offer,en,,Education,General,1,4,,,,,book.eco,,50,50,,,
booking,Premium,Make offer,en,,Travel,General,1,7,,,,,booking.eco,,50,50,,,
borealforest,Premium,"Make offer,Future grant",en,,Geo,Region,1,12,,,,,borealforest.eco,,50,50,,,
brentcrude,Premium,Make offer,en,,Industry,Commodity,1,10,,,,,brentcrude.eco,,50,50,,,
bridal,Premium,Make offer,en,,Shopping,Events,1,6,,,,,bridal.eco,,50,50,,,
build,Premium,Make offer,en,,Generic,General,1,5,,,,,build.eco,,50,50,,,
building,Premium,Make offer,en,,Business,General,1,8,,,,,building.eco,,50,50,,,
bus,Premium,Make offer,en,,Travel,Transportation,1,3,,,,,bus.eco,,50,50,,,
business,Premium,Make offer,en,,Industry,General,1,8,,,,,business.eco,,50,50,,,
c,Premium,"Reserved,Make offer",en,,Generic,General,1,1,,,,,c.eco,,50,50,,,
cab,Premium,Make offer,en,,Travel,Vehicle,1,3,,,,,cab.eco,,50,50,,,
cam,Premium,Make offer,en,,Combinations,Three Character,1,3,,,,,cam.eco,,50,50,,,
cambio,Premium,Make offer,es,Exchange,Generic,General,1,6,,,,,cambio.eco,,50,50,,,
camp,Premium,"Make offer,Future grant",en,,Travel,Lodging,1,4,,,,,camp.eco,,50,50,,,
campaign,Premium,"Make offer,Future grant",en,,Science,Eco,1,8,,,,,campaign.eco,,50,50,,,
campaigns,Premium,Make offer,en,,Business,Eco,1,9,,,,,campaigns.eco,,50,50,,,
car,Premium,Make offer,en,,Travel,Transportation,1,3,,,,,car.eco,,50,50,,,
carbon,Premium,"Make offer,Future grant",en,,Science,Materials,1,6,,,,,carbon.eco,,50,50,,,
carbonneutral,Premium,"Make offer,Future grant",en,,Science,Eco,1,13,,,,,carbonneutral.eco,,50,50,,,
carbontax,Premium,Make offer,en,,Finance,Environment,1,9,,,,,carbontax.eco,,50,50,,,
card,Premium,Make offer,en,,Shopping,General ,1,4,,,,,card.eco,,50,50,,,
cardealership,Premium,Make offer,en,,Shopping,Vehicle,1,13,,,,,cardealership.eco,,50,50,,,
care,Premium,Make offer,en,,Generic,General,1,4,,,,,care.eco,,50,50,,,
cargo,Premium,Make offer,en,,Generic,General,1,5,,,,,cargo.eco,,50,50,,,
carpet,Premium,Make offer,en,,Products,Design,1,6,,,,,carpet.eco,,50,50,,,
cars,Premium,Make offer,en,,Travel,Transportation,1,4,,,,,cars.eco,,50,50,,,
cause,Premium,"Make offer,Future grant",en,,NonProfit,Eco,1,5,,,,,cause.eco,,50,50,,,
causes,Premium,"Make offer,Future grant",en,,Business,Eco,1,6,,,,,causes.eco,,50,50,,,
cdm,Premium,Make offer,en,,,,1,3,,,,,cdm.eco,,50,50,,,
cellulose,Premium,Make offer,en,,Science,General,1,9,,,,,cellulose.eco,,50,50,,,
centralamerica,Premium,"Make offer,Future grant",en,,Geo,Region,1,14,,,,,centralamerica.eco,,50,50,,,
certification,Premium,Make offer,en,,Business,Eco,1,13,,,,,certification.eco,,50,50,,,
certified,Premium,Make offer,en,,Business,Eco,1,9,,,,,certified.eco,,50,50,,,
charity,Premium,"Make offer,Future grant",en,,Business,Eco,1,7,,,,,charity.eco,,50,50,,,
chat,Premium,Make offer,en,,Generic,General,1,4,,,,,chat.eco,,50,50,,,
check,Premium,Make offer,en,,Generic,General,1,5,,,,,check.eco,,50,50,,,
children,Premium,"Make offer,Future grant",en,,Society,Baby/Child,1,8,,,,,children.eco,,50,50,,,
chocolate,Premium,Make offer,en,,Grocery,Food,1,9,,,,,chocolate.eco,,50,50,,,
cities,"Registry,Premium","SDG,Operations,Make offer",en,,,,1,6,,,,,cities.eco,,50,50,,,
classifieds,Premium,Make offer,en,,Shopping,General,1,11,,,,,classifieds.eco,,50,50,,,
clean,Premium,"Make offer,Future grant",en,,Science,Verbs,1,5,,,,,clean.eco,,50,50,,,
cleanair,Premium,"Make offer,Future grant",en,,Science,Green,1,8,,,,,cleanair.eco,,50,50,,,
cleanenergy,Premium,"Make offer,Future grant",en,,Science,Energy,1,11,,,,,cleanenergy.eco,,50,50,,,
cleaning,Premium,Make offer,en,,Generic,General,1,8,,,,,cleaning.eco,,50,50,,,
cleanwater,Premium,"Make offer,Future grant",en,,NonProfit,General,1,10,,,,,cleanwater.eco,,50,50,,,
climatechange,Premium,"Make offer,Future grant",en,,NonProfit,Climate,1,13,,,,,climatechange.eco,,50,50,,,
clothes,Premium,"Make offer,Future grant",en,,Products,Clothing,1,7,,,,,clothes.eco,,50,50,,,
cloud,Premium,Make offer,en,,Technology,General ,1,5,,,,,cloud.eco,,50,50,,,
club,Premium,Make offer,en,,Generic,General,1,4,,,,,club.eco,,50,50,,,
co2,Premium,Make offer,en,,Combinations,Acronym,1,3,,,,,co2.eco,,50,50,,,
coast,Premium,"Make offer,Future grant",en,,Geo,General,1,5,,,,,coast.eco,,50,50,,,
cocoa,Premium,"Make offer,Future grant",en,,Industry,Commodity,1,5,,,,,cocoa.eco,,50,50,,,
coffee,Premium,"Make offer,Future grant",en,,Grocery,Beverage,1,6,,,,,coffee.eco,,50,50,,,
com,Premium,Make offer,en,,Generic,General ,1,3,,,,,com.eco,,50,50,,,
commerce,Premium,Make offer,en,,Finance,General ,1,8,,,,,commerce.eco,,50,50,,,
commodity,Premium,Make offer,en,,Finance,Commodity,1,9,,,,,commodity.eco,,50,50,,,
communities,Premium,Make offer,en,,,,1,11,,,,,communities.eco,,50,50,,,
compare,Premium,Make offer,en,,Generic,Verbs,1,7,,,,,compare.eco,,50,50,,,
compost,Premium,Make offer,en,,Science,Eco,1,7,,,,,compost.eco,,50,50,,,
concrete,Premium,Make offer,en,,Industry,Materials,1,8,,,,,concrete.eco,,50,50,,,
condo,Premium,Make offer,en,,Home,General,1,5,,,,,condo.eco,,50,50,,,
conservation,Premium,"Make offer,Future grant",en,,Science,General,1,12,,,,,conservation.eco,,50,50,,,
consider,Premium,Make offer,en,,Science,Verbs,1,8,,,,,consider.eco,,50,50,,,
construction,Premium,"Make offer,Future grant",en,,Industry,General,1,12,,,,,construction.eco,,50,50,,,
consultant,Premium,Make offer,en,,Business,General,1,10,,,,,consultant.eco,,50,50,,,
consulting,Premium,Make offer,en,,Business,General,1,10,,,,,consulting.eco,,50,50,,,
consumer,Premium,Make offer,en,,Society,Shopping,1,8,,,,,consumer.eco,,50,50,,,
consumption,Premium,Make offer,en,,,,1,11,,,,,consumption.eco,,50,50,,,
content,Premium,Make offer,en,,Generic,General,1,7,,,,,content.eco,,50,50,,,
cook,Premium,Make offer,en,,Shopping,Food,1,4,,,,,cook.eco,,50,50,,,
cooking,Premium,Make offer,en,,Hobbies,Food,1,7,,,,,cooking.eco,,50,50,,,
coop,Premium,Make offer,en,,NonProfit,General,1,4,,,,,coop.eco,,50,50,,,
copper,Premium,Make offer,en,,Industry,Commodity,1,6,,,,,copper.eco,,50,50,,,
coral,Premium,"Make offer,Future grant",en,,Science,Eco,1,5,,,,,coral.eco,,50,50,,,
coralreefs,Premium,"Make offer,Future grant",en,,Science,Eco,1,10,,,,,coralreefs.eco,,50,50,,,
corn,Premium,Make offer,en,,Industry,Commodity,1,4,,,,,corn.eco,,50,50,,,
cosmetic,Premium,Make offer,en,,Products,Beauty,1,8,,,,,cosmetic.eco,,50,50,,,
cosmetics,Premium,Make offer,en,,Products,Beauty,1,9,,,,,cosmetics.eco,,50,50,,,
cotton,Premium,"Make offer,Future grant",en,,Industry,Materials,1,6,,,,,cotton.eco,,50,50,,,
create,Premium,Make offer,en,,Generic,General,1,6,,,,,create.eco,,50,50,,,
crudeoil,Premium,Make offer,en,,Industry,Commodity,1,8,,,,,crudeoil.eco,,50,50,,,
cruise,Premium,Make offer,en,,Travel,Transportation,1,6,,,,,cruise.eco,,50,50,,,
cyber,Premium,Make offer,en,,Generic,General ,1,5,,,,,cyber.eco,,50,50,,,
cycle,Premium,Make offer,en,,Products,Sports,1,5,,,,,cycle.eco,,50,50,,,
d,Premium,"Reserved,Make offer",en,,Generic,Single Letter,1,1,,,"$6,000","June 6, 2017",d.eco,,50,50,,Sold under NDA,checked
dad,Premium,Make offer,en,,Society,People,1,3,,,,,dad.eco,,50,50,,,
dating,Premium,Make offer,en,,Generic,General,1,6,,,,,dating.eco,,50,50,,,
derivatives,Premium,Make offer,en,,Industry,Commodity,1,11,,,,,derivatives.eco,,50,50,,,
desalinization,Premium,Make offer,en,,Science,Eco,1,14,,,,,desalinization.eco,,50,50,,,
design,Premium,Make offer,en,,Arts,Design,1,6,,,,,design.eco,,50,50,,,
diamond,Premium,Make offer,en,,Jewelry,Materials,1,7,,,,,diamond.eco,,50,50,,,
diamonds,Premium,Make offer,en,,Jewelry,Materials,1,8,,,,,diamonds.eco,,50,50,,,
diet,Premium,Make offer,en,,Health,Fitness,1,4,,,,,diet.eco,,50,50,,,
digital,Premium,Make offer,en,,Technology,General,1,7,,,,,digital.eco,,50,50,,,
dip,Premium,Make offer,en,,Combinations,Acronym,1,3,,,,,dip.eco,,50,50,,,
directaction,Premium,"Make offer,Future grant",en,,Science,Green,1,12,,,,,directaction.eco,,50,50,,,
discount,Premium,Make offer,en,,Shopping,General ,1,8,,,,,discount.eco,,50,50,,,
doctors,Premium,"Make offer,Future grant",en,,Profession,General,1,7,,,,,doctors.eco,,50,50,,,
donate,Premium,"Make offer,Future grant",en,,NonProfit,Verbs,1,6,,,,,donate.eco,,50,50,,,
drink,Premium,Make offer,en,,Generic,General,1,5,,,,,drink.eco,,50,50,,,
e,Premium,"Reserved,Make offer",en,,Generic,General,1,1,,,,,e.eco,,50,50,,,
earth,Premium,"Make offer,Future grant",en,,Science,Eco,1,5,,,,,earth.eco,,50,50,,,
earthcharter,Premium,"Make offer,Future grant",en,,Science,Eco,1,12,,,,,earthcharter.eco,,50,50,,,
earthday,Premium,"Make offer,Future grant",en,,Society,Events,1,8,,,,,earthday.eco,,50,50,,,
easy,Premium,Make offer,en,,Generic,General ,1,4,,,,,easy.eco,,50,50,,,
eat,Premium,Make offer,en,,Generic,Food,1,3,,,,,eat.eco,,50,50,,,
ebike,Premium,Make offer,en,,Products,Sports,1,5,,,,,ebike.eco,,50,50,,,
ecology,Premium,"Make offer,Future grant",en,,Science,General,1,7,,,,,ecology.eco,,50,50,,,
economics,Premium,Make offer,en,,Industry,General,1,9,,,,,economics.eco,,50,50,,,
educate,Premium,Make offer,en,,Education,Verbs,1,7,,,,,educate.eco,,50,50,,,
efficiency,Premium,Make offer,en,,Science,Energy,1,10,,,,,efficiency.eco,,50,50,,,
egg,Premium,Make offer,en,,Grocery,Food,1,3,,,,,egg.eco,,50,50,,,
eggs,Premium,Make offer,en,,Grocery,Food,1,4,,,,,eggs.eco,,50,50,,,
electric,Premium,Make offer,en,,Science,Energy,1,8,,,,,electric.eco,,50,50,,,
electronics,Premium,"Make offer,Future grant",en,,Industry,General,1,11,,,,,electronics.eco,,50,50,,,
energystar,Premium,"Make offer,Future grant",en,,Science,Products,1,10,,,,,energystar.eco,,50,50,,,
engage,Premium,"Make offer,Future grant",en,,Generic,Verbs,1,6,,,,,engage.eco,,50,50,,,
environment,Premium,"Make offer,Future grant",en,,Science,Environment,1,11,,,,,environment.eco,,50,50,,,
environmentalimpact,Premium,"Make offer,Future grant",en,,Science,Environment,1,19,,,,,environmentalimpact.eco,,50,50,,,
epa,Premium,Make offer,en,,Combinations,Acronym,1,3,,,,,epa.eco,,50,50,,,
equity,Premium,"Make offer,Future grant",en,,,,1,6,,,,,equity.eco,,50,50,,,
estate,Premium,Make offer,en,,Living,Home,1,6,,,,,estate.eco,,50,50,,,
ethics,Premium,"Make offer,Future grant",en,,Business,Eco,1,6,,,,,ethics.eco,,50,50,,,
europe,Premium,"Make offer,Future grant",en,,Geo,Region,1,6,,,,,europe.eco,,50,50,,,
ev,Premium,Make offer,,,Combinations,Two Character,1,2,,,,,ev.eco,,50,50,,,
event,Premium,Make offer,en,,Living,Events,1,5,,,,,event.eco,,50,50,,,
events,Premium,"Make offer,Future grant",en,,Entertainment,General,1,6,,,,,events.eco,,50,50,,,
everest,Premium,Make offer,en,,Geo,General,1,7,,,,,everest.eco,,50,50,,,
f,Premium,"Reserved,Make offer",en,,Generic,Single Letter,1,1,,,,,f.eco,,50,50,,,
facts,Premium,"Make offer,Future grant",en,,Education,General,1,5,,,,,facts.eco,,50,50,,,
fair,Premium,"Make offer,Future grant",en,,Generic,General,1,4,,,,,fair.eco,,50,50,,,
fairtrade,Premium,"Make offer,Future grant",en,,Business,Eco,1,9,,,,,fairtrade.eco,,50,50,,,
family,Premium,Make offer,en,,Society,People,1,6,,,,,family.eco,,50,50,,,
farm,Premium,"Make offer,Future grant",en,,Home,General,1,4,,,,,farm.eco,,50,50,,,
farming,Premium,"Make offer,Future grant",en,,Industry,General,1,7,,,,,farming.eco,,50,50,,,
fashion,Premium,"Make offer,Future grant",en,,Industry,General,1,7,,,,,fashion.eco,,50,50,,,
fight,Premium,"Make offer,Future grant",en,,Generic,Verbs,1,5,,,,,fight.eco,,50,50,,,
film,Premium,"Make offer,Future grant",en,,Entertainment,Film,1,4,,,,,film.eco,,50,50,,,
finanz,Premium,Make offer,de,Finance,Finance,General,1,6,,,,,finanz.eco,,50,50,,,
finanzas,Premium,Make offer,es,Finance,Finance,General,1,8,,,,,finanzas.eco,,50,50,,,
finanzen,Premium,Make offer,de,Finances,Finance,General,1,8,,,,,finanzen.eco,,50,50,,,
first,Premium,"Make offer,Future grant",en,,Generic,General,1,5,,,,,first.eco,,50,50,,,
fish,Premium,"Make offer,Future grant",en,,Animals,Sealife,1,4,,,,,fish.eco,,50,50,,,
fishery,Premium,Make offer,en,,Science,Fishing,1,7,,,,,fishery.eco,,50,50,,,
fishing,Premium,"Make offer,Future grant",en,,Industry,General,1,7,,,,,fishing.eco,,50,50,,,
fjord,Premium,"Make offer,Future grant",en,,Science,Eco,1,5,,,,,fjord.eco,,50,50,,,
flower,Premium,Make offer,en,,Home,Garden,1,6,,,,,flower.eco,,50,50,,,
fly,Premium,Make offer,en,,Travel,General,1,3,,,,,fly.eco,,50,50,,,
fonds,Premium,Make offer,de,Funds,Finance,General,1,5,,,,,fonds.eco,,50,50,,,
food,Premium,"Make offer,Future grant",en,,Grocery,Food,1,4,,,,,food.eco,,50,50,,,
football,Premium,Make offer,en,,Sports,Recreation,1,8,,,,,football.eco,,50,50,,,
forest,Premium,"Make offer,Future grant",en,,Geo,Region,1,6,,,,,forest.eco,,50,50,,,
forestry,Premium,"Make offer,Future grant",en,,Industry,General,1,8,,,,,forestry.eco,,50,50,,,
forever,Premium,"Make offer,Future grant",en,,Generic,General,1,7,,,,,forever.eco,,50,50,,,
forex,Premium,Make offer,en,,Finance,General ,1,5,,,,,forex.eco,,50,50,,,
fossil,Premium,Make offer,en,,Science,General,1,6,,,,,fossil.eco,,50,50,,,
fossilfuel,Premium,Make offer,en,,Science,Eco,1,10,,,,,fossilfuel.eco,,50,50,,,
fossilfuels,Premium,"Make offer,Future grant",en,,Products,Resources,1,11,,,,,fossilfuels.eco,,50,50,,,
fossils,Premium,Make offer,en,,Animals,Science,1,7,,,,,fossils.eco,,50,50,,,
fracking,Premium,"Make offer,Future grant",en,,Science,Eco,1,8,,,,,fracking.eco,,50,50,,,
fragrances,Premium,Make offer,en,,Products,Beauty,1,10,,,,,fragrances.eco,,50,50,,,
frau,Premium,Make offer,de,Mrs.,Society,People,1,4,,,,,frau.eco,,50,50,,,
free,Premium,Make offer,en,,Generic,General ,1,4,,,,,free.eco,,50,50,,,
freshwater,Premium,"Make offer,Future grant",en,,Geo,Region,1,10,,,,,freshwater.eco,,50,50,,,
fuel,Premium,"Make offer,Future grant",en,,Industry,Materials,1,4,,,,,fuel.eco,,50,50,,,
fuelcell,Premium,Make offer,en,,Science,Eco,1,8,,,,,fuelcell.eco,,50,50,,,
fund,Premium,Make offer,en,,Finance,General,1,4,,,,,fund.eco,,50,50,,,
fur,Premium,Make offer,en,,NonProfit,General,1,3,,,,,fur.eco,,50,50,,,
furniture,Premium,Make offer,en,,Products,Furniture,1,9,,,,,furniture.eco,,50,50,,,
future,Premium,"Make offer,Future grant",en,,Generic,General,1,6,,,,,future.eco,,50,50,,,
g,Premium,"Reserved,Make offer",en,,Generic,Single Letter,1,1,,,,,g.eco,,50,50,,,
game,Premium,Make offer,en,,Generic,General,1,4,,,,,game.eco,,50,50,,,
gardens,Premium,Make offer,en,,Home,Garden,1,7,,,,,gardens.eco,,50,50,,,
gas,Premium,Make offer,en,,Products,Energy,1,3,,,,,gas.eco,,50,50,,,
gasoline,Premium,Make offer,en,,Products,Resources,1,8,,,,,gasoline.eco,,50,50,,,
geo,Premium,Make offer,en,,Geo,General,1,3,,,,,geo.eco,,50,50,,,
gifts,Premium,Make offer,en,,Shopping,General,1,5,,,,,gifts.eco,,50,50,,,
give,Premium,"Make offer,Future grant",en,,Generic,Verbs,1,4,,,,,give.eco,,50,50,,,
glass,Premium,Make offer,en,,Industry,Materials,1,5,,,,,glass.eco,,50,50,,,
global,Premium,Make offer,en,,Geo,General,1,6,,,,,global.eco,,50,50,,,
globalaction,Premium,"Make offer,Future grant",en,,Science,Eco,1,12,,,,,globalaction.eco,,50,50,,,
globalisation,Premium,Make offer,en,,NonProfit,General,1,13,,,,,globalisation.eco,,50,50,,,
globaltrade,Premium,Make offer,en,,Business,General,1,11,,,,,globaltrade.eco,,50,50,,,
globalwarming,Premium,"Make offer,Future grant",en,,Science,Terminology,1,13,,,,,globalwarming.eco,,50,50,,,
gmo,Premium,Make offer,en,,Combinations,Acronym,1,3,,,,,gmo.eco,,50,50,,,
gold,Premium,"Make offer,Future grant",en,,Industry,Commodity,1,4,,,,,gold.eco,,50,50,,,
golf,"Premium,Registry","Make offer,Grant",en,,Shopping,Sports,1,4,,,,,golf.eco,,50,50,,,checked
government,Premium,"Make offer,Future grant",en,,Society,General,1,10,,,,,government.eco,,50,50,,,
grasslands,Premium,"Make offer,Future grant",en,,Geo,Region,1,10,,,,,grasslands.eco,,50,50,,,
gratis,Premium,Make offer,de,Free,Shopping,General,1,6,,,,,gratis.eco,,50,50,,,
green,Premium,"Make offer,Future grant",en,,Living,Green,1,5,,,,,green.eco,,50,50,,,
greencity,Premium,"Make offer,Future grant",en,,Geo,Green,1,9,,,,,greencity.eco,,50,50,,,
greentechnology,Premium,"Make offer,Future grant",en,,Technology,Green,1,15,,,,,greentechnology.eco,,50,50,,,
greenway,Premium,"Make offer,Future grant",en,,Science,Green,1,8,,,,,greenway.eco,,50,50,,,
grid,Premium,Make offer,en,,Business,Energy,1,4,,,,,grid.eco,,50,50,,,
grocery,Premium,Make offer,en,,Grocery,General,1,7,,,,,grocery.eco,,50,50,,,
grow,Premium,Make offer,en,,Generic,General,1,4,,,,,grow.eco,,50,50,,,
guides,Premium,Make offer,en,,Generic,General,1,6,,,,,guides.eco,,50,50,,,
gulfcoast,Premium,Make offer,en,,Geo,Region,1,9,,,,,gulfcoast.eco,,50,50,,,
gym,Premium,Make offer,en,,Health,Fitness,1,3,,,,,gym.eco,,50,50,,,
h,Premium,"Reserved,Make offer",en,,Generic,Single Letter,1,1,,,,,h.eco,,50,50,,,
h2o,Premium,Make offer,en,,Combinations,Acronym,1,3,,,,,h2o.eco,,50,50,,,
habitat,Premium,"Make offer,Future grant",en,,Home,Eco,1,7,,,,,habitat.eco,,50,50,,,
heat,Premium,Make offer,en,,Science,Energy,1,4,,,,,heat.eco,,50,50,,,
heirloom,Premium,Make offer,en,,Grocery,Food,1,8,,,,,heirloom.eco,,50,50,,,
holiday,Premium,Make offer,en,,Living,Events,1,7,,,,,holiday.eco,,50,50,,,
holidays,Premium,Make offer,en,,Society,Events,1,8,,,,,holidays.eco,,50,50,,,
honeybee,Premium,"Make offer,Future grant",en,,Wildlife,Insect,1,8,,,,,honeybee.eco,,50,50,,,
honeybees,Premium,"Make offer,Future grant",en,,Wildlife,Insect,1,9,,,,,honeybees.eco,,50,50,,,
host,Premium,Make offer,en,,Generic,Nouns,1,4,,,,,host.eco,,50,50,,,
hotel,Premium,Make offer,en,,Travel,Lodging,1,5,,,,,hotel.eco,,50,50,,,
hotels,Premium,Make offer,en,,Travel,Lodging,1,6,,,,,hotels.eco,,50,50,,,
how,Premium,Make offer,en,,Generic,General ,1,3,,,,,how.eco,,50,50,,,
human,Premium,Make offer,en,,Society,People,1,5,,,,,human.eco,,50,50,,,
hybrid,Premium,Make offer,en,,Science,Transportation,1,6,,,,,hybrid.eco,,50,50,,,
hybridcar,Premium,Make offer,en,,Travel,Vehicle,1,9,,,,,hybridcar.eco,,50,50,,,
hydro,Premium,Make offer,en,,Science,Energy,1,5,,,,,hydro.eco,,50,50,,,
hydrocarbon,Premium,Make offer,en,,Science,Eco,1,11,,,,,hydrocarbon.eco,,50,50,,,
i,Premium,"Reserved,Make offer",en,,Generic,Single Letter,1,1,,,,,i.eco,,50,50,,,
ice,Premium,"Make offer,Future grant",en,,Science,Weather,1,3,,,,,ice.eco,,50,50,,,
impact,Premium,Make offer,en,,Science,Eco,1,6,,,,,impact.eco,,50,50,,,
indeed,Premium,Make offer,en,,Generic,General,1,6,,,,,indeed.eco,,50,50,,,
info,Premium,Make offer,en,,Generic,General ,1,4,,,,,info.eco,,50,50,,,
inn,Premium,Make offer,en,,Travel,Lodging,1,3,,,,,inn.eco,,50,50,,,
innovation,Premium,Make offer,en,,Business,Eco,1,10,,,,,innovation.eco,,50,50,,,
insect,Premium,"Make offer,Future grant",en,,Science,General,1,6,,,,,insect.eco,,50,50,,,
insight,Premium,Make offer,en,,Generic,General,1,7,,,,,insight.eco,,50,50,,,
inspire,Premium,"Make offer,Future grant",en,,Generic,General,1,7,,,,,inspire.eco,,50,50,,,
insurance,Premium,Make offer,en,,Finance,Insurance,1,9,,,,,insurance.eco,,50,50,,,
international,Premium,"Make offer,Future grant",en,,Generic,General ,1,13,,,,,international.eco,,50,50,,,
invest,Premium,"Make offer,Future grant",en,,Finance,Verbs,1,6,,,,,invest.eco,,50,50,,,
investing,Premium,Make offer,en,,Industry,Finance,1,9,,,,,investing.eco,,50,50,,,
investment,Premium,Make offer,en,,Finance,General,1,10,,,,,investment.eco,,50,50,,,
investments,Premium,Make offer,en,,Finance,General,1,11,,,,,investments.eco,,50,50,,,
j,Premium,"Reserved,Make offer",en,,Generic,Single Letter,1,1,,,,,j.eco,,50,50,,,
jahreswagen,Premium,Make offer,de,Hatchback,Products,Vehicle,1,11,,,,,jahreswagen.eco,,50,50,,,
jewelry,Premium,Make offer,en,,Products,Jewelry,1,7,,,,,jewelry.eco,,50,50,,,
job,Premium,Make offer,en,,Profession,General,1,3,,,,,job.eco,,50,50,,,
jobs,Premium,Make offer,en,,Profession,General,1,4,,,,,jobs.eco,,50,50,,,
joy,Premium,Make offer,en,,Generic,General,1,3,,,,,joy.eco,,50,50,,,
k,Premium,"Reserved,Make offer",en,,Generic,Single Letter,1,1,,,,,k.eco,,50,50,,,
l,Premium,"Reserved,Make offer",en,,Generic,Single Letter,1,1,,,,,l.eco,,50,50,,,
lab,Premium,Make offer,en,,Combinations,Three Character,1,3,,,,,lab.eco,,50,50,,,
label,Premium,Make offer,en,,Generic,General,1,5,,,,,label.eco,,50,50,,,
labels,Premium,Make offer,en,,Generic,General,1,6,,,,,labels.eco,,50,50,,,
lake,Premium,"Make offer,Future grant",en,,Geo,General,1,4,,,,,lake.eco,,50,50,,,
land,Premium,"Make offer,Future grant",en,,Geo,General,1,4,,,,,land.eco,,50,50,,,
law,"Premium,Registry","Make offer,Grant",en,,Society,General,1,3,,,,,law.eco,,50,50,,,checked
lawyers,Premium,"Make offer,Future grant",en,,Profession,General,1,7,,,,,lawyers.eco,,50,50,,,
lead,Premium,"Make offer,Future grant",en,,Industry,Commodity,1,4,,,,,lead.eco,,50,50,,,
learn,Premium,"Make offer,Future grant",en,,Education,Verbs,1,5,,,,,learn.eco,,50,50,,,
led,Premium,Make offer,en,,Electronics,General,1,3,,,,,led.eco,,50,50,,,
lessons,Premium,"Make offer,Future grant",en,,Education,General,1,7,,,,,lessons.eco,,50,50,,,
life,Premium,"Make offer,Future grant",en,,Living,General,1,4,,,,,life.eco,,50,50,,,
lifestyle,Premium,Make offer,en,,Living,General,1,9,,,,,lifestyle.eco,,50,50,,,
light,Premium,Make offer,en,,Science,Energy,1,5,,,,,light.eco,,50,50,,,
lighting,Premium,Make offer,en,,Generic,General,1,8,,,,,lighting.eco,,50,50,,,
link,Premium,Make offer,en,,Generic,General,1,4,,,,,link.eco,,50,50,,,
lithium,Premium,Make offer,en,,Science,Energy,1,7,,,,,lithium.eco,,50,50,,,
live,Premium,Make offer,en,,Generic,General ,1,4,,,,,live.eco,,50,50,,,
livestock,Premium,Make offer,en,,Animals,Farming,1,9,,,,,livestock.eco,,50,50,,,
living,Premium,"Make offer,Future grant",en,,Living,General,1,6,,,,,living.eco,,50,50,,,
loan,Premium,Make offer,en,,Finance,General,1,4,,,,,loan.eco,,50,50,,,
local,Premium,Make offer,en,,Geo,General ,1,5,,,,,local.eco,,50,50,,,
logical,Premium,Make offer,en,,Science,Eco,1,7,,,,,logical.eco,,50,50,,,
logo,Premium,Make offer,en,,Science,Eco,1,4,,,,,logo.eco,,50,50,,,
love,Premium,Make offer,en,,Generic,General ,1,4,,,,,love.eco,,50,50,,,
lumber,Premium,Make offer,en,,Industry,Materials,1,6,,,,,lumber.eco,,50,50,,,
m,Premium,"Reserved,Make offer",en,,Generic,General,1,1,,,,,m.eco,,50,50,,,
magazine,Premium,Make offer,en,,Shopping,General,1,8,,,,,magazine.eco,,50,50,,,
mail,Premium,Make offer,en,,Generic,General,1,4,,,,,mail.eco,,50,50,,,
make,Premium,Make offer,en,,Generic,General,1,4,,,,,make.eco,,50,50,,,
makeup,Premium,Make offer,en,,Products,Beauty,1,6,,,,,makeup.eco,,50,50,,,
malls,Premium,Make offer,en,,Shopping,General,1,5,,,,,malls.eco,,50,50,,,
management,Premium,Make offer,en,,Profession,Business,1,10,,,,,management.eco,,50,50,,,
manufacturing,Premium,"Make offer,Future grant",en,,Industry,General,1,13,,,,,manufacturing.eco,,50,50,,,
map,Premium,Make offer,en,,Travel,General,1,3,,,,,map.eco,,50,50,,,
marine,Premium,"Make offer,Future grant",en,,Geo,Region,1,6,,,,,marine.eco,,50,50,,,
marketing,Premium,Make offer,en,,Industry,General,1,9,,,,,marketing.eco,,50,50,,,
marketplace,Premium,Make offer,en,,Shopping,General,1,11,,,,,marketplace.eco,,50,50,,,
max,Premium,Make offer,en,,Combinations,Three Character,1,3,,,,,max.eco,,50,50,,,
med,Premium,Make offer,en,,Health,Medical,1,3,,,,,med.eco,,50,50,,,
media,Premium,Make offer,en,,Entertainment,General,1,5,,,,,media.eco,,50,50,,,
medicine,Premium,Make offer,en,,Health,Medical,1,8,,,,,medicine.eco,,50,50,,,
men,Premium,Make offer,en,,Society,General,1,3,,,,,men.eco,,50,50,,,
mieten,Premium,Make offer,de,Rent,Living,Real Estate,1,6,,,,,mieten.eco,,50,50,,,
milk,Premium,Make offer,en,,Grocery,Beverage,1,4,,,,,milk.eco,,50,50,,,
mineral,Premium,Make offer,en,,Products,Materials,1,7,,,,,mineral.eco,,50,50,,,
mines,Premium,Make offer,en,,Industry,Geo ,1,5,,,,,mines.eco,,50,50,,,
mission,Premium,"Make offer,Future grant",en,,Science,Eco,1,7,,,,,mission.eco,,50,50,,,
mob,Premium,Make offer,en,,Combinations,Three Character,1,3,,,,,mob.eco,,50,50,,,
mobile,Premium,Make offer,en,,Technology,Telecommunications,1,6,,,,,mobile.eco,,50,50,,,
moms,Premium,"Make offer,Future grant",en,,Society,General ,1,4,,,,,moms.eco,,50,50,,,
motor,Premium,Make offer,en,,Products,Vehicle,1,5,,,,,motor.eco,,50,50,,,
mountain,Premium,"Make offer,Future grant",en,,Geo,Region,1,8,,,,,mountain.eco,,50,50,,,
move,Premium,Make offer,en,,Generic,Verbs,1,4,,,,,move.eco,,50,50,,,
movie,Premium,Make offer,en,,Entertainment,Film,1,5,,,,,movie.eco,,50,50,,,
movies,Premium,Make offer,en,,Entertainment,Film ,1,6,,,,,movies.eco,,50,50,,,
museum,Premium,"Make offer,Future grant",en,,Travel,Entertainment,1,6,,,,,museum.eco,,50,50,,,
n,Premium,"Reserved,Make offer",en,,Generic,Single Letter,1,1,,,,,n.eco,,50,50,,,
nano,Premium,Make offer,en,,Technology,General,1,4,,,,,nano.eco,,50,50,,,
natur,Premium,Make offer,de,Nature,Science,Eco,1,5,,,,,natur.eco,,50,50,,,
natural,Premium,"Make offer,Future grant",en,,Science,Eco,1,7,,,,,natural.eco,,50,50,,,
naturalgas,Premium,Make offer,en,,Industry,Commodity,1,10,,,,,naturalgas.eco,,50,50,,,
need,Premium,Make offer,en,,Generic,General,1,4,,,,,need.eco,,50,50,,,
network,Premium,"Make offer,Future grant",en,,Electronics,Computers,1,7,,,,,network.eco,,50,50,,,
news,Premium,"Make offer,Future grant",en,,Generic,General,1,4,,,,,news.eco,,50,50,,,
next,Premium,Make offer,en,,Generic,General,1,4,,,,,next.eco,,50,50,,,
ngo,Premium,"Make offer,Future grant",en,,NonProfit,Acronym,1,3,,,,,ngo.eco,,50,50,,,
now,Premium,"Make offer,Future grant",en,,,,1,3,,,,,now.eco,,50,50,,,
nuts,Premium,Make offer,en,,Grocery,Food,1,4,,,,,nuts.eco,,50,50,,,
o,Premium,"Reserved,Make offer",en,,Generic,Single Letter,1,1,,,,,o.eco,,50,50,,,
oceans,Premium,"Make offer,Future grant",en,,Geo,Region,1,6,,,,,oceans.eco,,50,50,,,
offer,Premium,Make offer,en,,Generic,General,1,5,,,,,offer.eco,,50,50,,,
one,Premium,Make offer,en,,Combinations,Three Character,1,3,,,,,one.eco,,50,50,,,
open,Premium,Make offer,en,,Generic,General ,1,4,,,,,open.eco,,50,50,,,
organic,Premium,"Make offer,Future grant",en,,Health,Green,1,7,,,,,organic.eco,,50,50,,,
organico,Premium,Make offer,es,Organic,Science,Eco,1,8,,,,,organico.eco,,50,50,,,
organics,Premium,Make offer,en,,Products,Materials,1,8,,,,,organics.eco,,50,50,,,
organique,Premium,Make offer,fr,Organic,Science,Eco,1,9,,,,,organique.eco,,50,50,,,
p,Premium,"Reserved,Make offer",en,,Generic,Single Letter,1,1,,,,,p.eco,,50,50,,,
pacific,Premium,"Make offer,Future grant",en,,Geo,Region,1,7,,,,,pacific.eco,,50,50,,,
paint,Premium,Make offer,en,,Products,Home Improvement,1,5,,,,,paint.eco,,50,50,,,
palmoil,Premium,"Make offer,Future grant",en,,Industry,Commodity,1,7,,,,,palmoil.eco,,50,50,,,
paper,"Premium,Registry","Make offer,Grant",en,,Products,Business,1,5,,,,,paper.eco,,50,50,,,checked
park,Premium,Make offer,en,,Geo,General,1,4,,,,,park.eco,,50,50,,,
party,Premium,Make offer,en,,Entertainment,Events,1,5,,,,,party.eco,,50,50,,,
pay,Premium,Make offer,en,,Finance,Verbs,1,3,,,,,pay.eco,,50,50,,,
people,Premium,"Make offer,Future grant",en,,Society,People,1,6,,,,,people.eco,,50,50,,,
permaculture,Premium,"Make offer,Future grant",en,,Science,Design,1,12,,,,,permaculture.eco,,50,50,,,
petition,Premium,"Make offer,Future grant",en,,Science,Eco,1,8,,,,,petition.eco,,50,50,,,
petrol,Premium,Make offer,en,,Industry,Materials,1,6,,,,,petrol.eco,,50,50,,,
petroleum,Premium,Make offer,en,,Products,Resources,1,9,,,,,petroleum.eco,,50,50,,,
phone,Premium,Make offer,en,,Technology,Telecommunications,1,5,,,,,phone.eco,,50,50,,,
photo,Premium,Make offer,en,,Generic,General,1,5,,,,,photo.eco,,50,50,,,
photographers,Premium,"Make offer,Future grant",en,,Profession,Arts,1,13,,,,,photographers.eco,,50,50,,,
pizza,Premium,Make offer,en,,Grocery,Food,1,5,,,,,pizza.eco,,50,50,,,
planet,Premium,"Make offer,Future grant",en,,Science,General,1,6,,,,,planet.eco,,50,50,,,
plant,Premium,Make offer,en,,Science,Plants,1,5,,,,,plant.eco,,50,50,,,
plastic,Premium,Make offer,en,,Products,Materials,1,7,,,,,plastic.eco,,50,50,,,
play,Premium,Make offer,en,,Living,Verbs,1,4,,,,,play.eco,,50,50,,,
pocket,Premium,Make offer,en,,Generic,General,1,6,,,,,pocket.eco,,50,50,,,
politics,Premium,Make offer,en,,Living,General,1,8,,,,,politics.eco,,50,50,,,
pollution,Premium,"Make offer,Future grant",en,,Science,Eco,1,9,,,,,pollution.eco,,50,50,,,
pool,Premium,Make offer,en,,Shopping,Real Estate,1,4,,,,,pool.eco,,50,50,,,
pop,Premium,Make offer,en,,Combinations,Three Character,1,3,,,,,pop.eco,,50,50,,,
power,Premium,Make offer,en,,Science,Energy,1,5,,,,,power.eco,,50,50,,,
property,Premium,Make offer,en,,Home,Real Estate,1,8,,,,,property.eco,,50,50,,,
province,Premium,Make offer,en,,,,1,8,,,,,province.eco,,50,50,,,
provinces,Premium,Make offer,en,,,,1,9,,,,,provinces.eco,,50,50,,,
q,Premium,"Reserved,Make offer",en,,Generic,Single Letter,1,1,,,,,q.eco,,50,50,,,
r,Premium,"Reserved,Make offer",en,,Generic,Single Letter,1,1,,,,,r.eco,,50,50,,,
radio,Premium,Make offer,en,,Electronics,Products,1,5,,,,,radio.eco,,50,50,,,
recycle,Premium,"Make offer,Future grant",en,,Science,Eco,1,7,,,,,recycle.eco,,50,50,,,
recycling,Premium,Make offer,en,,Living,Green,1,9,,,,,recycling.eco,,50,50,,,
redd,Premium,Make offer,en,,,,1,4,,,,,redd.eco,,50,50,,,
reduce,Premium,Make offer,en,,Science,Terminology,1,6,,,,,reduce.eco,,50,50,,,
reef,Premium,"Make offer,Future grant",en,,Science,Eco,1,4,,,,,reef.eco,,50,50,,,
reg,Premium,Make offer,en,,Combinations,Three Character,1,3,,,,,reg.eco,,50,50,,,
renew,Premium,"Make offer,Future grant",en,,Products,Resources,1,5,,,,,renew.eco,,50,50,,,
renewable,Premium,"Make offer,Future grant",en,,Products,Resources,1,9,,,,,renewable.eco,,50,50,,,
renewableenergy,Premium,Make offer,en,,Science,Energy,1,15,,,,,renewableenergy.eco,,50,50,,,
reporting,Premium,Make offer,en,,,,1,9,,,,,reporting.eco,,50,50,,,
reports,Premium,Make offer,en,,,,1,7,,,,,reports.eco,,50,50,,,
research,Premium,"Make offer,Future grant",en,,Science,General,1,8,,,,,research.eco,,50,50,,,
resilience,Premium,"Make offer,Future grant",en,,Science,Terminology,0,10,,,,,resilience.eco,50,50,50,,,
resort,Premium,Make offer,en,,Travel,Lodging,1,6,,,,,resort.eco,,50,50,,,
resource,Premium,"Make offer,Future grant",en,,Science,Eco,1,8,,,,,resource.eco,,50,50,,,
reuse,Premium,Make offer,en,,Science,Eco,1,5,,,,,reuse.eco,,50,50,,,
river,Premium,"Make offer,Future grant",en,,Geo,General,1,5,,,,,river.eco,,50,50,,,
run,Premium,Make offer,en,,Sports,Fitness,1,3,,,,,run.eco,,50,50,,,
s,Premium,"Reserved,Make offer",en,,Generic,Single Letter,1,1,,,,,s.eco,,50,50,,,
sat,Premium,Make offer,en,,Combinations,Three Character,1,3,,,,,sat.eco,,50,50,,,
say,Premium,Make offer,en,,Combinations,Three Character,1,3,,,,,say.eco,,50,50,,,
scooter,Premium,Make offer,en,,Products,Baby/Child,1,7,,,,,scooter.eco,,50,50,,,
sea,Premium,"Make offer,Future grant",en,,Combinations,Airport Codes,1,3,,,,,sea.eco,,50,50,,,
seafood,Premium,"Make offer,Future grant",en,,Grocery,Food,1,7,,,,,seafood.eco,,50,50,,,
see,Premium,Make offer,en,,Combinations,Three Character,1,3,,,,,see.eco,,50,50,,,
seed,Premium,Make offer,en,,Generic,General,1,4,,,,,seed.eco,,50,50,,,
seo,Premium,Make offer,en,,Combinations,Three Character,1,3,,,,,seo.eco,,50,50,,,
server,Premium,Make offer,en,,Technology,General,1,6,,,,,server.eco,,50,50,,,
service,Premium,Make offer,en,,Generic,General ,1,7,,,,,service.eco,,50,50,,,
services,Premium,Make offer,en,,Industry,General,1,8,,,,,services.eco,,50,50,,,
share,Premium,"Make offer,Future grant",en,,Generic,General ,1,5,,,,,share.eco,,50,50,,,
ship,Premium,"Make offer,Future grant",en,,Generic,Verbs,1,4,,,,,ship.eco,,50,50,,,
shoe,Premium,Make offer,en,,Products,Clothing,1,4,,,,,shoe.eco,,50,50,,,
shoes,Premium,Make offer,en,,Products,Clothing,1,5,,,,,shoes.eco,,50,50,,,
shop,Premium,Make offer,en,,Shopping,General,1,4,,,,,shop.eco,,50,50,,,
shopping,Premium,Make offer,en,,Shopping,General,1,8,,,,,shopping.eco,,50,50,,,
shore,Premium,"Make offer,Future grant",en,,Travel,General,1,5,,,,,shore.eco,,50,50,,,
site,Premium,Make offer,en,,Technology,Online,1,4,,,,,site.eco,,50,50,,,
ski,Premium,Make offer,en,,Sports,Recreation,1,3,,,,,ski.eco,,50,50,,,
sky,Premium,Make offer,en,,Combinations,Three Character,1,3,,,,,sky.eco,,50,50,,,
soap,Premium,Make offer,en,,Products,Beauty,1,4,,,,,soap.eco,,50,50,,,
software,Premium,"Make offer,Future grant",en,,Technology,General,1,8,,,,,software.eco,,50,50,,,
solar,Premium,Make offer,en,,Products,Green,1,5,,,,,solar.eco,,50,50,,,
solarpanel,Premium,Make offer,en,,Science,Energy,1,10,,,,,solarpanel.eco,,50,50,,,
solarpower,Premium,Make offer,en,,Science,Technology,1,10,,,,,solarpower.eco,,50,50,,,
sold,Premium,Make offer,en,,Generic,General,1,4,,,,,sold.eco,,50,50,,,
southamerica,Premium,"Make offer,Future grant",en,,Geo,Region,1,12,,,,,southamerica.eco,,50,50,,,
soy,Premium,Make offer,en,,Grocery,Food,1,3,,,,,soy.eco,,50,50,,,
space,Premium,"Make offer,Future grant",en,,,,1,5,,,,,space.eco,,50,50,,,
sponsor,Premium,Make offer,en,,Society,People,1,7,,,,,sponsor.eco,,50,50,,,
sport,Premium,Make offer,en,,Sports,General ,1,5,,,,,sport.eco,,50,50,,,
sports,Premium,Make offer,en,,Sports,General,1,6,,,,,sports.eco,,50,50,,,
star,Premium,Make offer,en,,Generic,General ,1,4,,,,,star.eco,,50,50,,,
state,Premium,Make offer,en,,,,1,5,,,,,state.eco,,50,50,,,
states,Premium,Make offer,en,,,,1,6,,,,,states.eco,,50,50,,,
stock,Premium,Make offer,en,,Finance,General ,1,5,,,,,stock.eco,,50,50,,,
stocks,Premium,Make offer,en,,Finance,General ,1,6,,,,,stocks.eco,,50,50,,,
stop,Premium,Make offer,en,,Generic,General,1,4,,,,,stop.eco,,50,50,,,
strategies,Premium,Make offer,en,,Business,Eco,1,10,,,,,strategies.eco,,50,50,,,
stream,Premium,"Make offer,Future grant",en,,Geo,Region,1,6,,,,,stream.eco,,50,50,,,
student,Premium,Make offer,en,,Education,General,1,7,,,,,student.eco,,50,50,,,
sugar,Premium,"Make offer,Future grant",en,,Industry,Commodity,1,5,,,,,sugar.eco,,50,50,,,
sugarcane,Premium,Make offer,en,,Grocery,Food,1,9,,,,,sugarcane.eco,,50,50,,,
sun,Premium,Make offer,en,,Science,Energy,1,3,,,,,sun.eco,,50,50,,,
suncreen,Premium,Make offer,en,,,,1,8,,,,,suncreen.eco,,50,50,,,
super,Premium,Make offer,en,,Shopping,General,1,5,,,,,super.eco,,50,50,,,
sustain,Premium,"Make offer,Future grant",en,,,,1,7,,,,,sustain.eco,,50,50,,,
sustainability,Premium,"Make offer,Future grant",en,,Science,Eco,1,14,,,,,sustainability.eco,,50,50,,,
sustainable,Premium,"Make offer,Future grant",en,,Science,Eco,1,11,,,,,sustainable.eco,,50,50,,,
suv,Premium,Make offer,en,,Travel,Vehicle,1,3,,,,,suv.eco,,50,50,,,
t,Premium,"Reserved,Make offer",en,,Generic,Single Letter,1,1,,,,,t.eco,,50,50,,,
tablet,Premium,Make offer,en,,Electronics,Computers,1,6,,,,,tablet.eco,,50,50,,,
tar,Premium,Make offer,en,,Industry,Materials,1,3,,,,,tar.eco,,50,50,,,
tax,Premium,Make offer,en,,Combinations,Three Character,1,3,,,,,tax.eco,,50,50,,,
tea,Premium,"Make offer,Future grant",en,,Grocery,Beverage,1,3,,,,,tea.eco,,50,50,,,
team,Premium,Make offer,en,,Generic,General ,1,4,,,,,team.eco,,50,50,,,
tech,Premium,Make offer,en,,Technology,General,1,4,,,,,tech.eco,,50,50,,,
technology,Premium,Make offer,en,,Technology,General ,1,10,,,,,technology.eco,,50,50,,,
terre,Premium,"Make offer,Future grant","fr,en",Earth,Geo,Eco,1,5,,,,,terre.eco,,50,50,,,
textile,Premium,Make offer,en,,Industry,General,1,7,,,,,textile.eco,,50,50,,,
the,Premium,Make offer,en,,Combinations,Three Character,1,3,,,,,the.eco,,50,50,,,
ticket,Premium,Make offer,en,,Entertainment,General,1,6,,,,,ticket.eco,,50,50,,,
tickets,Premium,Make offer,en,,Generic,General ,1,7,,,,,tickets.eco,,50,50,,,
timber,Premium,Make offer,en,,Industry,General,1,6,,,,,timber.eco,,50,50,,,
tires,Premium,Make offer,en,,Products,Vehicle,1,5,,,,,tires.eco,,50,50,,,
today,Premium,Make offer,en,,Generic,Calendar,1,5,,,,,today.eco,,50,50,,,
tomorrow,Premium,"Make offer,Future grant",en,,Generic,General,1,8,,,,,tomorrow.eco,,50,50,,,
top,Premium,Make offer,en,,Combinations,Three Character,1,3,,,,,top.eco,,50,50,,,
tour,Premium,Make offer,en,,Travel,General,1,4,,,,,tour.eco,,50,50,,,
tourism,Premium,Make offer,en,,Travel,General,1,7,,,,,tourism.eco,,50,50,,,
tours,Premium,Make offer,en,,Travel,General,1,5,,,,,tours.eco,,50,50,,,
toys,Premium,Make offer,en,,Products,Baby/Child,1,4,,,,,toys.eco,,50,50,,,
trains,Premium,Make offer,en,,Travel,Transportation,1,6,,,,,trains.eco,,50,50,,,
transit,Premium,"Make offer,Future grant",en,,Travel,General,1,7,,,,,transit.eco,,50,50,,,
transparency,Premium,Make offer,en,,,,1,12,,,,,transparency.eco,,50,50,,,
transport,Premium,"Make offer,Future grant",en,,Industry,Transportation,1,9,,,,,transport.eco,,50,50,,,
travel,Premium,"Make offer,Future grant",en,,Travel,General,1,6,,,,,travel.eco,,50,50,,,
tree,Premium,"Make offer,Future grant",en,,Home,Garden,1,4,,,,,tree.eco,,50,50,,,
trees,Premium,"Make offer,Future grant",en,,Home,Garden,1,5,,,,,trees.eco,,50,50,,,
tri,Premium,Make offer,fr,IRR,Finance,Acronym,1,3,,,,,tri.eco,,50,50,,,
trip,Premium,Make offer,en,,Travel,General,1,4,,,,,trip.eco,,50,50,,,
truck,Premium,Make offer,en,,Travel,Transportation,1,5,,,,,truck.eco,,50,50,,,
tundra,Premium,"Make offer,Future grant",en,,Geo,Region,1,6,,,,,tundra.eco,,50,50,,,
u,Premium,"Reserved,Make offer",en,,Generic,Single Letter,1,1,,,,,u.eco,,50,50,,,
uni,Premium,Make offer,en,,Generic,Three Character,1,3,,,,,uni.eco,,50,50,,,
upcycling,Premium,Make offer,en,,Science,Eco,1,9,,,,,upcycling.eco,,50,50,,,
url,Premium,Make offer,en,,Generic,Three Character,1,3,,,,,url.eco,,50,50,,,
utilities,Premium,Make offer,en,,Industry,Energy,1,9,,,,,utilities.eco,,50,50,,,
v,Premium,"Reserved,Make offer",en,,Generic,Single Letter,1,1,,,,,v.eco,,50,50,,,
vacation,Premium,Make offer,en,,Travel,Recreation,1,8,,,,,vacation.eco,,50,50,,,
vegan,Premium,"Make offer,Future grant",en,,Living,General,1,5,,,,,vegan.eco,,50,50,,,
vegetarian,Premium,"Make offer,Future grant",en,,Living,Food,1,10,,,,,vegetarian.eco,,50,50,,,
vehicles,Premium,"Make offer,Future grant",en,,Travel,Vehicle,1,8,,,,,vehicles.eco,,50,50,,,
vente,Premium,Make offer,fr,Sale,Shopping,General,1,5,,,,,vente.eco,,50,50,,,
ventes,Premium,Make offer,fr,Sale,Shopping,General,1,6,,,,,ventes.eco,,50,50,,,
vip,Premium,Make offer,en,,Combinations,Three Character,1,3,,,,,vip.eco,,50,50,,,
vitamin,Premium,Make offer,en,,Health,General,1,7,,,,,vitamin.eco,,50,50,,,
voiture,Premium,Make offer,fr,Car,Products,Vehicle,1,7,,,,,voiture.eco,,50,50,,,
voitures,Premium,Make offer,fr,Cars,Products,Vehicle,1,8,,,,,voitures.eco,,50,50,,,
vote,Premium,"Make offer,Future grant",en,,Generic,General,1,4,,,,,vote.eco,,50,50,,,
w,Premium,"Reserved,Make offer",en,,Generic,Single Letter,1,1,,,,,w.eco,,50,50,,,
warrior,Premium,"Make offer,Future grant",en,,Science,Terminology,1,7,,,,,warrior.eco,,50,50,,,
water,Premium,"Make offer,Future grant",en,,Geo,Eco,1,5,,,,,water.eco,,50,50,,,
weather,Premium,Make offer,en,,Generic,Nouns,1,7,,,,,weather.eco,,50,50,,,
web,Premium,Make offer,en,,Technology,Online,1,3,,,,,web.eco,,50,50,,,
website,Premium,Make offer,en,,Technology,Online,1,7,,,,,website.eco,,50,50,,,
wellness,Premium,"Make offer,Future grant",en,,Health,General,1,8,,,,,wellness.eco,,50,50,,,
wen,Premium,Make offer,en,,Combinations,Three Character,1,3,,,,,wen.eco,,50,50,,,
wetlands,Premium,"Make offer,Future grant",en,,Geo,Region,1,8,,,,,wetlands.eco,,50,50,,,
wifi,Premium,Make offer,en,,Technology,Online,1,4,,,,,wifi.eco,,50,50,,,
wildlife,Premium,"Make offer,Future grant",en,,Wildlife,General,1,8,,,,,wildlife.eco,,50,50,,,
wind,Premium,"Make offer,Future grant",en,,Science,Energy,1,4,,,,,wind.eco,,50,50,,,
windenergy,Premium,Make offer,en,,Science,Energy,1,10,,,,,windenergy.eco,,50,50,,,
windpower,Premium,Make offer,en,,Science,Technology,1,9,,,,,windpower.eco,,50,50,,,
wine,Premium,Make offer,en,,Grocery,Beverage,1,4,,,,,wine.eco,,50,50,,,
women,Premium,"Make offer,Future grant",en,,Society,People,1,5,,,,,women.eco,,50,50,,,
wood,Premium,Make offer,en,,Products,Materials,1,4,,,,,wood.eco,,50,50,,,
woodlands,Premium,"Make offer,Future grant",en,,Geo,Region,1,9,,,,,woodlands.eco,,50,50,,,
wool,Premium,Make offer,en,,Industry,Commodity,1,4,,,,,wool.eco,,50,50,,,
work,"Registry,Premium","SDG,Make offer",en,,Profession,General,1,4,,,,,work.eco,,50,50,,,
world,Premium,"Make offer,Future grant",en,,Science,Environment,1,5,,,,,world.eco,,50,50,,,
x,Premium,"Reserved,Make offer",en,,Generic,Single Letter,1,1,,,,,x.eco,,50,50,,,
y,Premium,"Reserved,Make offer",en,,Generic,Single Letter,1,1,,,,,y.eco,,50,50,,,
yes,Premium,Make offer,en,,Combinations,Three Character,1,3,,,,,yes.eco,,50,50,,,
you,Premium,Make offer,en,,Generic,Pronoun,1,3,,,,,you.eco,,50,50,,,
z,Premium,"Reserved,Make offer",en,,Generic,Single Letter,1,1,,,,,z.eco,,50,50,,,
tshirt,Premium,Make offer,en,,,,1,6,,,,,tshirt.eco,,50,50,,,
superfood,Premium,Make offer,en,,Grocery,Food,1,9,,,,,superfood.eco,,50,50,,,
marijuana,Premium,Make offer,en,,,,1,9,,,,,marijuana.eco,,50,50,,,
beer,Premium,Make offer,en,,,,1,4,,,,,beer.eco,,50,50,,,
espresso,Premium,Make offer,en,,,,1,8,,,,,espresso.eco,,50,50,,,
gmbh,Premium,Make offer,de,,,,1,4,,,,,gmbh.eco,,50,50,,,
inc,Premium,Make offer,en,,,,1,3,,,,,inc.eco,,50,50,,,
veg,Premium,Make offer,en,,Grocery,Food,1,3,,,,,veg.eco,,50,50,,,
waste,Premium,Make offer,en,,,,1,5,,,,,waste.eco,,50,50,,,
weed,Premium,Make offer,en,,,,1,4,,,,,weed.eco,,50,50,,,
hero,Premium,Make offer,en,,,,1,4,,,,,hero.eco,,50,50,,,
africa,Premium,"Make offer,Future grant",en,,,,1,6,,,,,africa.eco,,50,50,,,
amazon,Premium,"Make offer,Future grant",en,,,,1,6,,,,,amazon.eco,,50,50,,,
artist,Premium,"Make offer,Future grant",en,,,,1,6,,,,,artist.eco,,50,50,,,
bears,Premium,"Make offer,Future grant",en,,,,1,5,,,,,bears.eco,,50,50,,,
breakthrough,Premium,"Make offer,Future grant",en,,,,1,12,,,,,breakthrough.eco,,50,50,,,
brook,Premium,"Make offer,Future grant",en,,,,1,5,,,,,brook.eco,,50,50,,,
bug,Premium,"Make offer,Future grant",en,,,,1,3,,,,,bug.eco,,50,50,,,
church,Premium,"Make offer,Future grant",en,,,,1,6,,,,,church.eco,,50,50,,,
climateneutral,Premium,"Make offer,Future grant",en,,,,1,14,,,,,climateneutral.eco,,50,50,,,
conserve,Premium,"Make offer,Future grant",en,,,,1,8,,,,,conserve.eco,,50,50,,,
cow,Premium,"Make offer,Future grant",en,,,,1,3,,,,,cow.eco,,50,50,,,
dark,Premium,"Make offer,Future grant",en,,,,1,4,,,,,dark.eco,,50,50,,,
deep,Premium,"Make offer,Future grant",en,,,,1,4,,,,,deep.eco,,50,50,,,
deepsea,Premium,"Make offer,Future grant",en,,,,1,7,,,,,deepsea.eco,,50,50,,,
defend,Premium,"Make offer,Future grant",en,,,,1,6,,,,,defend.eco,,50,50,,,
defender,Premium,"Make offer,Future grant",en,,,,1,8,,,,,defender.eco,,50,50,,,
divest,Premium,"Make offer,Future grant",en,,,,1,6,,,,,divest.eco,,50,50,,,
diving,Premium,"Make offer,Future grant",en,,,,1,6,,,,,diving.eco,,50,50,,,
donation,Premium,"Make offer,Future grant",en,,,,1,8,,,,,donation.eco,,50,50,,,
ducks,Premium,"Make offer,Future grant",en,,,,1,5,,,,,ducks.eco,,50,50,,,
eagles,Premium,"Make offer,Future grant",en,,,,1,6,,,,,eagles.eco,,50,50,,,
endangered,Premium,"Make offer,Future grant",en,,,,1,10,,,,,endangered.eco,,50,50,,,
equality,Premium,"Make offer,Future grant",en,,,,1,8,,,,,equality.eco,,50,50,,,
equitable,Premium,"Make offer,Future grant",en,,,,1,9,,,,,equitable.eco,,50,50,,,
ethical,Premium,"Make offer,Future grant",en,,,,1,7,,,,,ethical.eco,,50,50,,,
fakenews,Premium,"Make offer,Future grant",en,,,,1,8,,,,,fakenews.eco,,50,50,,,
forests,Premium,"Make offer,Future grant",en,,,,1,7,,,,,forests.eco,,50,50,,,
gaia,Premium,"Make offer,Future grant",en,,,,1,4,,,,,gaia.eco,,50,50,,,
giving,Premium,"Make offer,Future grant",en,,,,1,6,,,,,giving.eco,,50,50,,,
givingtuesday,Premium,"Make offer,Future grant",en,,,,1,13,,,,,givingtuesday.eco,,50,50,,,
grassroots,Premium,"Make offer,Future grant",en,,,,1,10,,,,,grassroots.eco,,50,50,,,
grizzlies,Premium,"Make offer,Future grant",en,,,,1,9,,,,,grizzlies.eco,,50,50,,,
hawks,Premium,"Make offer,Future grant",en,,,,1,5,,,,,hawks.eco,,50,50,,,
highseas,Premium,"Make offer,Future grant",en,,,,1,8,,,,,highseas.eco,,50,50,,,
hill,Premium,"Make offer,Future grant",en,,,,1,4,,,,,hill.eco,,50,50,,,
horticulture,Premium,"Make offer,Future grant",en,,,,1,12,,,,,horticulture.eco,,50,50,,,
hour,Premium,"Make offer,Future grant",en,,,,1,4,,,,,hour.eco,,50,50,,,
humanrights,Premium,"Make offer,Future grant",en,,,,1,11,,,,,humanrights.eco,,50,50,,,
marinescience,Premium,"Make offer,Future grant",en,,,,1,13,,,,,marinescience.eco,,50,50,,,
mars,Premium,"Make offer,Future grant",en,,,,1,4,,,,,mars.eco,,50,50,,,
meatless,Premium,"Make offer,Future grant",en,,,,1,8,,,,,meatless.eco,,50,50,,,
momentum,Premium,"Make offer,Future grant",en,,,,1,8,,,,,momentum.eco,,50,50,,,
money,Premium,"Make offer,Future grant",en,,,,1,5,,,,,money.eco,,50,50,,,
mosque,Premium,"Make offer,Future grant",en,,,,1,6,,,,,mosque.eco,,50,50,,,
neutral,Premium,"Make offer,Future grant",en,,,,1,7,,,,,neutral.eco,,50,50,,,
northamerica,Premium,"Make offer,Future grant",en,,,,1,12,,,,,northamerica.eco,,50,50,,,
occupy,Premium,"Make offer,Future grant",en,,,,1,6,,,,,occupy.eco,,50,50,,,
oilsands,Premium,"Make offer,Future grant",en,,,,1,8,,,,,oilsands.eco,,50,50,,,
orca,Premium,"Make offer,Future grant",en,,,,1,4,,,,,orca.eco,,50,50,,,
palm,Premium,"Make offer,Future grant",en,,,,1,4,,,,,palm.eco,,50,50,,,
peat,Premium,"Make offer,Future grant",en,,,,1,4,,,,,peat.eco,,50,50,,,
photography,Premium,"Make offer,Future grant",en,,,,1,11,,,,,photography.eco,,50,50,,,
progress,Premium,"Make offer,Future grant",en,,,,1,8,,,,,progress.eco,,50,50,,,
protected,Premium,"Make offer,Future grant",en,,,,1,9,,,,,protected.eco,,50,50,,,
raptors,Premium,"Make offer,Future grant",en,,,,1,7,,,,,raptors.eco,,50,50,,,
reefs,Premium,"Make offer,Future grant",en,,,,1,5,,,,,reefs.eco,,50,50,,,
renewables,Premium,"Make offer,Future grant",en,,,,1,10,,,,,renewables.eco,,50,50,,,
retreat,Premium,"Make offer,Future grant",en,,,,1,7,,,,,retreat.eco,,50,50,,,
sand,Premium,"Make offer,Future grant",en,,,,1,4,,,,,sand.eco,,50,50,,,
scuba,Premium,"Make offer,Future grant",en,,,,1,5,,,,,scuba.eco,,50,50,,,
seaturtule,Premium,"Make offer,Future grant",en,,,,1,10,,,,,seaturtule.eco,,50,50,,,
shoreline,Premium,"Make offer,Future grant",en,,,,1,9,,,,,shoreline.eco,,50,50,,,
slow,Premium,"Make offer,Future grant",en,,,,1,4,,,,,slow.eco,,50,50,,,
stingray,Premium,"Make offer,Future grant",en,,,,1,8,,,,,stingray.eco,,50,50,,,
surf,Premium,"Make offer,Future grant",en,,,,1,4,,,,,surf.eco,,50,50,,,
swamp,Premium,"Make offer,Future grant",en,,,,1,5,,,,,swamp.eco,,50,50,,,
teach,Premium,"Make offer,Future grant",en,,,,1,5,,,,,teach.eco,,50,50,,,
temple,Premium,"Make offer,Future grant",en,,,,1,6,,,,,temple.eco,,50,50,,,
wake,Premium,"Make offer,Future grant",en,,,,1,4,,,,,wake.eco,,50,50,,,
waterfall,Premium,"Make offer,Future grant",en,,,,1,9,,,,,waterfall.eco,,50,50,,,
wave,Premium,"Make offer,Future grant",en,,,,1,4,,,,,wave.eco,,50,50,,,
whales,Premium,"Make offer,Future grant",en,,,,1,6,,,,,whales.eco,,50,50,,,
wide,Premium,"Make offer,Future grant",en,,,,1,4,,,,,wide.eco,,50,50,,,
wild,Premium,"Make offer,Future grant",en,,,,1,4,,,,,wild.eco,,50,50,,,
wlderness,Premium,"Future grant,Make offer",en,,,,1,9,,,,,wlderness.eco,,50,50,,,
woke,Premium,"Future grant,Make offer",en,,,,1,4,,,,,woke.eco,,50,50,,,
sex,Premium,Make offer,,,,Adult,1,3,,,,,sex.eco,,50,50,,,
trump,Premium,Make offer,en,,,,1,5,,,,,trump.eco,,50,50,,,
wealth,Premium,Make offer,en,,,,1,6,,,,,wealth.eco,,50,50,,,
altfacts,Premium,Make offer,,,,,1,8,,,,,altfacts.eco,,50,50,,,
cement,Premium,Make offer,,,,,1,6,,,,,cement.eco,,50,50,,,
award,Premium,Make offer,,,,,1,5,,,,,award.eco,,50,50,,,
awards,Premium,Make offer,,,,,1,6,,,,,awards.eco,,50,50,,,
sustainabledevelopment,Premium,"Make offer,Future grant",,,,,1,22,,,,,sustainabledevelopment.eco,,50,50,,,
climatedenier,Premium,Make offer,,,,,1,13,,,,,climatedenier.eco,,50,50,,,
climatedenial,Premium,Make offer,,,,,1,13,,,,,climatedenial.eco,,50,50,,,
thc,Premium,Make offer,,,,,1,3,,,,,thc.eco,,50,50,,,
medicalmarijuana,Premium,Make offer,,,,,1,16,,,,,medicalmarijuana.eco,,50,50,,,
extractives,Premium,"Make offer,Future grant",,,,,1,11,,,,,extractives.eco,,50,50,,,
tobacco,Premium,"Make offer,Future grant",,,,,1,7,,,,,tobacco.eco,,50,50,,,
fairhiring,Premium,"Make offer,Future grant",,,,,0,10,,,,,fairhiring.eco,50,50,50,,,
labor,Premium,"Make offer,Future grant",,,,,1,5,,,,,labor.eco,,50,50,,,
labour,Premium,"Make offer,Future grant",,,,,1,6,,,,,labour.eco,,50,50,,,
sri,Premium,"Make offer,Future grant",,,,,0,3,,,,,sri.eco,50,50,50,,,
enviro,Premium,"Future grant,Make offer",,,,,0,6,,,,,enviro.eco,50,50,50,,,
hfc,Premium,"Make offer,Future grant",,,,,1,3,,,,,hfc.eco,,50,50,,,
epd,Premium,"Make offer,Future grant",,,,,1,3,,,,,epd.eco,,50,50,,,
directory,Premium,Make offer,,,,,1,9,,,,,directory.eco,,50,50,,,
csr,Premium,Make offer,,,,,1,3,,,,,csr.eco,,50,50,,,
carboncapture,Premium,Make offer,,,,,1,13,,,,,carboncapture.eco,,50,50,,,
ccs,Premium,Make offer,,,,,1,3,,,,,ccs.eco,,50,50,,,